age;workclass;fnlwgt;education;education-num;marital-status;occupation;relationship;race;sex;capital-gain;capital-loss;hours-per-week;native-country;type
55; Private;199067; HS-grad;9; Married-civ-spouse; Craft-repair; Husband; White; Male;0;0;40; United-States; >50K
29; Private;247445; HS-grad;9; Divorced; Sales; Not-in-family; White; Male;0;0;45; United-States; <=50K
49; Private;186078; Masters;14; Married-civ-spouse; Prof-specialty; Wife; White; Female;0;0;50; United-States; >50K
31; Private;77634; Assoc-voc;11; Married-civ-spouse; Other-service; Husband; White; Male;0;0;42; United-States; <=50K
24; Private;180060; Masters;14; Never-married; Exec-managerial; Own-child; White; Male;6849;0;90; United-States; <=50K
46; Private;56482; Some-college;10; Never-married; Exec-managerial; Not-in-family; Black; Male;0;0;40; United-States; <=50K
26; Private;314177; HS-grad;9; Never-married; Sales; Not-in-family; Black; Male;0;0;40; United-States; <=50K
35; Private;239755; Bachelors;13; Never-married; Other-service; Not-in-family; White; Male;0;0;38; United-States; <=50K
27; Private;377680; Assoc-voc;11; Never-married; Sales; Not-in-family; White; Male;0;0;50; United-States; <=50K
64; Self-emp-not-inc;134960; Bachelors;13; Married-civ-spouse; Exec-managerial; Husband; White; Male;15024;0;35; United-States; >50K
26; Private;294493; Bachelors;13; Never-married; Craft-repair; Other-relative; White; Male;0;0;40; United-States; <=50K
21; Private;32616; HS-grad;9; Never-married; Other-service; Not-in-family; White; Female;0;1719;16; United-States; <=50K
45; Private;182655; Bachelors;13; Divorced; Other-service; Not-in-family; White; Male;0;0;45; ?; >50K
19; Private;418324; Some-college;10; Never-married; Sales; Own-child; White; Male;0;0;36; United-States; <=50K
19; ?;263338; Some-college;10; Never-married; ?; Own-child; White; Male;0;0;45; United-States; <=50K
51; Private;158948; HS-grad;9; Married-civ-spouse; Transport-moving; Husband; White; Male;0;0;84; United-States; >50K
51; Private;221532; Bachelors;13; Divorced; Exec-managerial; Unmarried; White; Male;0;0;40; United-States; >50K
22; Self-emp-not-inc;202920; HS-grad;9; Never-married; Prof-specialty; Unmarried; White; Female;99999;0;40; Dominican-Republic; >50K
37; Local-gov;118909; HS-grad;9; Divorced; Adm-clerical; Unmarried; Black; Female;0;0;35; United-States; <=50K
19; Private;286469; Some-college;10; Never-married; Sales; Own-child; White; Female;0;0;30; United-States; <=50K
45; Private;191914; HS-grad;9; Divorced; Transport-moving; Unmarried; White; Female;0;0;55; United-States; <=50K
21; State-gov;142766; Some-college;10; Never-married; Other-service; Own-child; White; Male;0;0;10; United-States; <=50K
52; Private;198744; HS-grad;9; Widowed; Sales; Not-in-family; White; Female;0;0;40; United-States; <=50K
46; Local-gov;272780; Some-college;10; Married-civ-spouse; Prof-specialty; Husband; White; Male;0;0;24; United-States; <=50K
42; State-gov;219553; Masters;14; Divorced; Prof-specialty; Not-in-family; White; Female;0;0;38; United-States; <=50K
56; Private;261232; HS-grad;9; Never-married; Craft-repair; Not-in-family; White; Male;0;0;40; United-States; <=50K
23; Private;64292; HS-grad;9; Never-married; Adm-clerical; Not-in-family; White; Female;0;0;40; United-States; <=50K
58; Private;312131; Masters;14; Married-civ-spouse; Sales; Husband; White; Male;0;0;40; United-States; <=50K
70; Private;30713; HS-grad;9; Married-civ-spouse; Farming-fishing; Husband; White; Male;0;0;30; United-States; <=50K
30; Private;246439; Some-college;10; Divorced; Adm-clerical; Unmarried; White; Male;0;0;40; United-States; <=50K
45; Private;338105; Bachelors;13; Married-civ-spouse; Adm-clerical; Husband; Asian-Pac-Islander; Male;0;0;40; Philippines; <=50K
23; Private;228243; Some-college;10; Never-married; Craft-repair; Not-in-family; White; Male;0;0;44; United-States; <=50K
34; Local-gov;62463; Some-college;10; Married-civ-spouse; Transport-moving; Husband; White; Male;0;1579;40; United-States; <=50K
38; Private;31603; Bachelors;13; Married-civ-spouse; Craft-repair; Wife; White; Female;0;0;40; United-States; <=50K
24; Private;165054; Assoc-voc;11; Married-civ-spouse; Craft-repair; Husband; White; Male;0;0;40; United-States; <=50K
53; Private;121618; 7th-8th;4; Never-married; Transport-moving; Not-in-family; Amer-Indian-Eskimo; Male;0;0;40; United-States; <=50K
45; Federal-gov;273194; HS-grad;9; Never-married; Transport-moving; Not-in-family; Black; Male;3325;0;40; United-States; <=50K
21; ?;163665; Some-college;10; Never-married; ?; Own-child; White; Female;0;0;40; United-States; <=50K
21; Private;538319; Some-college;10; Never-married; Other-service; Own-child; White; Female;0;0;40; Puerto-Rico; <=50K
34; Private;238246; Bachelors;13; Never-married; Prof-specialty; Not-in-family; White; Female;0;0;40; United-States; <=50K
32; Self-emp-inc;244665; HS-grad;9; Married-civ-spouse; Craft-repair; Husband; White; Male;5178;0;45; United-States; >50K
21; Private;131811; HS-grad;9; Married-civ-spouse; Handlers-cleaners; Husband; White; Male;0;0;40; United-States; <=50K
63; ?;231777; Masters;14; Married-civ-spouse; ?; Husband; White; Male;0;0;30; United-States; <=50K
23; Private;156807; 9th;5; Never-married; Handlers-cleaners; Own-child; Black; Male;0;0;36; United-States; <=50K
28; Private;236861; Bachelors;13; Divorced; Craft-repair; Unmarried; White; Male;0;0;50; United-States; <=50K
29; Self-emp-not-inc;229842; HS-grad;9; Never-married; Transport-moving; Unmarried; Black; Male;0;0;45; United-States; <=50K
25; Local-gov;190057; Bachelors;13; Never-married; Prof-specialty; Own-child; White; Female;0;0;40; United-States; <=50K
44; State-gov;55076; Masters;14; Never-married; Prof-specialty; Not-in-family; White; Female;0;0;60; United-States; <=50K
18; Private;152545; HS-grad;9; Never-married; Other-service; Own-child; White; Female;0;0;8; United-States; <=50K
26; Private;153434; HS-grad;9; Never-married; Other-service; Own-child; White; Male;0;0;24; United-States; <=50K
47; Local-gov;171095; Assoc-acdm;12; Married-civ-spouse; Adm-clerical; Wife; White; Female;0;0;35; United-States; >50K
23; Private;239322; HS-grad;9; Divorced; Sales; Not-in-family; White; Male;0;0;40; United-States; <=50K
46; Private;138999; Some-college;10; Married-civ-spouse; Machine-op-inspct; Husband; White; Male;0;0;40; United-States; <=50K
61; Local-gov;95450; Bachelors;13; Married-civ-spouse; Exec-managerial; Husband; White; Male;5178;0;50; United-States; >50K
25; Private;176520; HS-grad;9; Never-married; Craft-repair; Other-relative; White; Male;0;0;40; United-States; <=50K
38; Local-gov;72338; HS-grad;9; Married-civ-spouse; Protective-serv; Husband; Asian-Pac-Islander; Male;0;0;54; United-States; >50K
60; ?;386261; Bachelors;13; Married-spouse-absent; ?; Unmarried; Black; Female;0;0;15; United-States; <=50K
23; Private;235722; Some-college;10; Never-married; Other-service; Not-in-family; White; Male;0;0;20; United-States; <=50K
36; Federal-gov;128884; HS-grad;9; Divorced; Adm-clerical; Not-in-family; White; Female;0;0;48; United-States; <=50K
46; Private;187226; 9th;5; Divorced; Other-service; Not-in-family; White; Male;0;0;25; United-States; <=50K
32; Self-emp-not-inc;298332; Bachelors;13; Married-civ-spouse; Prof-specialty; Husband; White; Male;0;0;45; United-States; >50K
40; Private;173607; 10th;6; Married-civ-spouse; Transport-moving; Husband; White; Male;0;0;40; United-States; <=50K
31; Private;226756; HS-grad;9; Never-married; Adm-clerical; Own-child; Black; Male;0;0;40; United-States; <=50K
31; Private;157887; Some-college;10; Married-civ-spouse; Exec-managerial; Husband; White; Male;0;0;65; United-States; >50K
32; State-gov;171111; Bachelors;13; Never-married; Adm-clerical; Not-in-family; White; Male;0;0;37; United-States; <=50K
21; Private;126314; Some-college;10; Never-married; Other-service; Own-child; White; Male;0;0;10; United-States; <=50K
63; Private;174018; Some-college;10; Married-civ-spouse; Sales; Husband; Black; Male;0;0;40; United-States; >50K
44; Private;144778; Some-college;10; Separated; Exec-managerial; Not-in-family; White; Male;0;0;45; United-States; >50K
42; Self-emp-not-inc;201522; Bachelors;13; Married-civ-spouse; Sales; Husband; White; Male;0;0;60; United-States; <=50K
23; ?;22966; Bachelors;13; Never-married; ?; Own-child; White; Male;0;0;35; United-States; <=50K
30; Private;399088; Some-college;10; Divorced; Adm-clerical; Not-in-family; White; Female;0;0;45; United-States; <=50K
24; Private;282202; HS-grad;9; Never-married; Other-service; Unmarried; White; Male;0;0;40; El-Salvador; <=50K
42; Private;102606; Bachelors;13; Married-civ-spouse; Tech-support; Husband; White; Male;0;0;40; United-States; >50K
44; Self-emp-not-inc;246862; HS-grad;9; Married-civ-spouse; Prof-specialty; Wife; White; Female;0;0;40; Italy; >50K
27; Federal-gov;508336; Bachelors;13; Never-married; Exec-managerial; Not-in-family; Black; Male;0;0;48; United-States; <=50K
27; Local-gov;263431; Some-college;10; Never-married; Exec-managerial; Unmarried; White; Male;0;0;40; United-States; <=50K
22; Private;235733; HS-grad;9; Never-married; Other-service; Not-in-family; White; Female;0;0;45; United-States; <=50K
68; Private;107910; HS-grad;9; Never-married; Sales; Not-in-family; White; Female;0;0;40; United-States; <=50K
55; Self-emp-not-inc;184425; Some-college;10; Married-civ-spouse; Farming-fishing; Husband; White; Male;0;0;99; United-States; >50K
22; Self-emp-not-inc;143062; HS-grad;9; Never-married; Other-service; Own-child; White; Male;0;0;40; Greece; <=50K
25; Private;199545; Some-college;10; Married-civ-spouse; Exec-managerial; Wife; White; Female;0;0;15; United-States; <=50K
68; Self-emp-not-inc;197015; HS-grad;9; Married-civ-spouse; Farming-fishing; Husband; White; Male;0;0;45; United-States; <=50K
62; Private;149617; Some-college;10; Widowed; Exec-managerial; Not-in-family; White; Female;0;0;16; United-States; <=50K
26; Private;33610; HS-grad;9; Divorced; Other-service; Other-relative; White; Male;0;0;40; United-States; <=50K
34; Private;192002; Masters;14; Married-civ-spouse; Prof-specialty; Husband; White; Male;0;0;55; United-States; >50K
68; Private;67791; Some-college;10; Widowed; Sales; Not-in-family; White; Male;0;0;40; United-States; <=50K
42; Local-gov;445382; Bachelors;13; Separated; Exec-managerial; Not-in-family; White; Male;0;0;45; United-States; >50K
45; Private;112283; Bachelors;13; Married-civ-spouse; Sales; Husband; White; Male;0;0;55; United-States; <=50K
26; Private;157249; 11th;7; Never-married; Transport-moving; Not-in-family; White; Male;0;0;40; United-States; <=50K
25; Private;109872; HS-grad;9; Married-civ-spouse; Machine-op-inspct; Husband; White; Male;0;0;45; United-States; <=50K
23; Private;119838; Bachelors;13; Never-married; Prof-specialty; Own-child; White; Male;0;0;50; United-States; <=50K
29; Private;149943; Some-college;10; Never-married; Other-service; Not-in-family; Other; Male;0;1590;40; ?; <=50K
65; Without-pay;27012; 7th-8th;4; Widowed; Farming-fishing; Unmarried; White; Female;0;0;50; United-States; <=50K
31; Private;91666; HS-grad;9; Never-married; Transport-moving; Not-in-family; White; Male;0;0;50; United-States; <=50K
26; Private;270276; HS-grad;9; Never-married; Adm-clerical; Not-in-family; White; Female;0;0;40; United-States; <=50K
39; Private;179271; Some-college;10; Married-civ-spouse; Craft-repair; Husband; White; Male;0;0;50; United-States; >50K
44; Private;161819; HS-grad;9; Married-civ-spouse; Machine-op-inspct; Husband; White; Male;0;0;40; United-States; >50K
45; Local-gov;339681; Masters;14; Divorced; Prof-specialty; Unmarried; White; Female;1506;0;45; United-States; <=50K
26; Self-emp-not-inc;219897; Masters;14; Never-married; Prof-specialty; Not-in-family; White; Female;0;0;50; United-States; <=50K
26; Private;91683; 10th;6; Married-civ-spouse; Transport-moving; Husband; White; Male;0;0;35; United-States; <=50K
36; Private;188834; 9th;5; Married-civ-spouse; Transport-moving; Husband; White; Male;0;0;50; United-States; <=50K
38; Private;187046; 11th;7; Married-civ-spouse; Craft-repair; Husband; White; Male;0;0;45; United-States; <=50K
39; Private;191807; HS-grad;9; Never-married; Machine-op-inspct; Unmarried; White; Male;0;0;48; United-States; <=50K
52; Self-emp-inc;179951; Prof-school;15; Married-civ-spouse; Exec-managerial; Husband; White; Male;0;0;40; United-States; <=50K
39; Private;324420; 1st-4th;2; Married-civ-spouse; Craft-repair; Husband; White; Male;0;0;45; Mexico; <=50K
41; Self-emp-not-inc;66632; Some-college;10; Divorced; Craft-repair; Not-in-family; White; Male;0;0;40; United-States; <=50K
42; Local-gov;121718; Masters;14; Married-civ-spouse; Exec-managerial; Husband; White; Male;0;1902;60; United-States; >50K
47; Private;162034; Bachelors;13; Married-civ-spouse; Sales; Husband; White; Male;0;0;70; United-States; <=50K
28; Local-gov;218990; Assoc-voc;11; Married-civ-spouse; Protective-serv; Husband; Black; Male;0;0;46; United-States; <=50K
25; Local-gov;125863; Bachelors;13; Never-married; Prof-specialty; Own-child; White; Male;0;0;35; United-States; <=50K
35; Private;225330; Bachelors;13; Never-married; Adm-clerical; Not-in-family; White; Female;0;0;40; United-States; <=50K
32; Private;120426; HS-grad;9; Separated; Adm-clerical; Unmarried; White; Female;0;0;40; United-States; <=50K
38; Private;119741; Masters;14; Married-civ-spouse; Craft-repair; Husband; Black; Male;0;0;40; United-States; >50K
44; Private;32000; Some-college;10; Married-civ-spouse; Tech-support; Husband; White; Male;0;0;18; United-States; >50K
21; ?;124242; Some-college;10; Never-married; ?; Own-child; White; Female;0;0;40; United-States; <=50K
27; Private;278581; Bachelors;13; Never-married; Sales; Own-child; White; Female;0;0;40; United-States; <=50K
30; Private;230224; Bachelors;13; Never-married; Exec-managerial; Not-in-family; White; Male;0;0;55; United-States; >50K
30; Private;204374; Bachelors;13; Never-married; Sales; Not-in-family; White; Male;0;1741;48; United-States; <=50K
45; Private;188386; HS-grad;9; Married-civ-spouse; Handlers-cleaners; Husband; White; Male;0;1628;45; United-States; <=50K
20; Private;164922; HS-grad;9; Never-married; Craft-repair; Own-child; White; Male;0;0;40; United-States; <=50K
57; Private;195176; Masters;14; Never-married; Prof-specialty; Not-in-family; White; Male;0;0;80; United-States; <=50K
43; Private;166740; Some-college;10; Divorced; Adm-clerical; Not-in-family; White; Male;0;0;48; United-States; <=50K
50; ?;156008; 11th;7; Married-civ-spouse; ?; Own-child; Black; Female;0;0;40; United-States; <=50K
28; Private;162551; 7th-8th;4; Married-civ-spouse; Machine-op-inspct; Other-relative; Asian-Pac-Islander; Female;0;0;48; China; <=50K
25; Private;211231; HS-grad;9; Married-civ-spouse; Tech-support; Other-relative; White; Female;0;0;48; United-States; >50K
25; Private;169990; HS-grad;9; Married-civ-spouse; Sales; Husband; White; Male;0;0;40; United-States; <=50K
90; Private;221832; Bachelors;13; Married-civ-spouse; Exec-managerial; Husband; White; Male;0;0;45; United-States; <=50K
38; Local-gov;255454; Bachelors;13; Separated; Prof-specialty; Unmarried; Black; Male;0;0;40; United-States; <=50K
35; Private;28160; Bachelors;13; Married-spouse-absent; Exec-managerial; Unmarried; White; Female;0;0;40; United-States; <=50K
50; State-gov;159219; Bachelors;13; Married-civ-spouse; Exec-managerial; Husband; White; Male;0;0;40; Canada; >50K
26; Local-gov;103148; HS-grad;9; Never-married; Adm-clerical; Not-in-family; White; Female;0;0;40; United-States; <=50K
39; Private;165186; Some-college;10; Married-civ-spouse; Farming-fishing; Husband; White; Male;0;0;45; United-States; <=50K
56; Private;31782; 10th;6; Married-civ-spouse; Sales; Husband; White; Male;0;0;40; United-States; <=50K
24; Local-gov;249101; HS-grad;9; Divorced; Protective-serv; Unmarried; Black; Female;0;0;40; United-States; <=50K
46; Private;243190; HS-grad;9; Married-civ-spouse; Adm-clerical; Wife; White; Female;7688;0;40; United-States; >50K
18; Local-gov;153405; 11th;7; Never-married; Adm-clerical; Other-relative; White; Female;0;0;25; United-States; <=50K
37; Private;329980; Masters;14; Married-civ-spouse; Exec-managerial; Husband; White; Male;0;2415;60; United-States; >50K
57; Private;176079; Masters;14; Divorced; Prof-specialty; Not-in-family; White; Female;0;0;40; United-States; <=50K
43; State-gov;218542; HS-grad;9; Never-married; Adm-clerical; Unmarried; Black; Female;0;0;40; United-States; <=50K
29; State-gov;303446; Bachelors;13; Married-civ-spouse; Prof-specialty; Husband; White; Male;0;0;25; Nicaragua; <=50K
40; Private;102606; Masters;14; Married-civ-spouse; Exec-managerial; Husband; White; Male;0;0;40; United-States; >50K
44; Self-emp-not-inc;483201; Bachelors;13; Married-civ-spouse; Exec-managerial; Husband; White; Male;0;0;40; United-States; <=50K
77; Local-gov;144608; HS-grad;9; Married-civ-spouse; Exec-managerial; Husband; White; Male;0;0;6; United-States; <=50K
30; Private;226013; Bachelors;13; Never-married; Prof-specialty; Not-in-family; Black; Male;0;0;40; United-States; <=50K
21; Private;165475; HS-grad;9; Married-civ-spouse; Machine-op-inspct; Husband; White; Male;0;0;40; United-States; <=50K
66; Private;263637; 10th;6; Married-civ-spouse; Protective-serv; Husband; White; Male;0;0;40; United-States; <=50K
40; Private;201495; 11th;7; Never-married; Transport-moving; Own-child; White; Male;0;0;35; United-States; <=50K
68; Private;213720; HS-grad;9; Married-civ-spouse; Sales; Husband; White; Male;0;0;40; United-States; <=50K
64; Private;170483; HS-grad;9; Widowed; Other-service; Not-in-family; White; Female;0;0;38; United-States; <=50K
26; Private;214303; Bachelors;13; Never-married; Prof-specialty; Not-in-family; White; Female;0;0;50; United-States; <=50K
32; Private;190511; Some-college;10; Married-civ-spouse; Exec-managerial; Husband; White; Male;0;0;40; United-States; >50K
32; Private;242150; HS-grad;9; Never-married; Adm-clerical; Own-child; White; Male;0;0;38; United-States; <=50K
51; Local-gov;159755; Masters;14; Married-civ-spouse; Prof-specialty; Husband; White; Male;0;0;40; United-States; >50K
50; Private;147629; Masters;14; Married-civ-spouse; Prof-specialty; Husband; White; Male;15024;0;45; United-States; >50K
49; Private;268022; Bachelors;13; Married-civ-spouse; Sales; Husband; White; Male;0;0;50; United-States; >50K
28; Private;188711; Bachelors;13; Never-married; Transport-moving; Unmarried; White; Male;0;0;20; United-States; <=50K
29; Private;452205; HS-grad;9; Divorced; Other-service; Unmarried; White; Female;0;0;36; United-States; <=50K
34; Private;244147; Bachelors;13; Married-civ-spouse; Prof-specialty; Husband; White; Male;0;0;40; ?; >50K
41; Self-emp-not-inc;438696; Masters;14; Divorced; Sales; Unmarried; White; Male;0;0;5; United-States; >50K
35; Self-emp-not-inc;207568; 7th-8th;4; Married-civ-spouse; Farming-fishing; Husband; White; Male;0;0;75; United-States; <=50K
63; Self-emp-inc;54052; Masters;14; Married-civ-spouse; Sales; Husband; White; Male;0;0;68; United-States; >50K
46; Private;187581; HS-grad;9; Divorced; Craft-repair; Other-relative; White; Male;0;0;40; United-States; <=50K
47; Self-emp-not-inc;77102; Masters;14; Divorced; Prof-specialty; Not-in-family; White; Male;0;0;40; United-States; <=50K
24; Private;353010; Bachelors;13; Never-married; Machine-op-inspct; Not-in-family; White; Male;0;0;65; United-States; <=50K
29; Private;54131; Some-college;10; Never-married; Sales; Not-in-family; White; Male;0;0;30; United-States; <=50K
74; Federal-gov;39890; Some-college;10; Widowed; Transport-moving; Not-in-family; White; Female;0;0;18; United-States; <=50K
50; Private;156877; 11th;7; Married-civ-spouse; Transport-moving; Husband; White; Male;0;0;70; United-States; >50K
22; Private;355686; Some-college;10; Never-married; Adm-clerical; Not-in-family; White; Female;0;0;40; United-States; <=50K
48; Private;300168; 12th;8; Separated; Adm-clerical; Own-child; Black; Female;0;0;40; United-States; <=50K
30; Private;488720; 9th;5; Married-civ-spouse; Handlers-cleaners; Other-relative; White; Male;0;0;40; Mexico; <=50K
32; Private;157287; Bachelors;13; Married-civ-spouse; Sales; Husband; White; Male;0;0;40; United-States; <=50K
39; Private;184659; HS-grad;9; Married-civ-spouse; Machine-op-inspct; Husband; White; Male;0;0;40; United-States; <=50K
49; Private;214169; Some-college;10; Married-civ-spouse; Craft-repair; Husband; White; Male;0;0;40; United-States; >50K
25; Private;192149; Bachelors;13; Never-married; Adm-clerical; Own-child; White; Female;0;0;40; United-States; <=50K
50; Private;137253; Bachelors;13; Married-civ-spouse; Adm-clerical; Wife; White; Female;0;0;40; United-States; >50K
44; Private;373050; HS-grad;9; Married-civ-spouse; Transport-moving; Husband; White; Male;0;0;40; United-States; <=50K
65; Private;90377; Assoc-voc;11; Married-civ-spouse; Farming-fishing; Husband; White; Male;6767;0;60; United-States; <=50K
28; Federal-gov;183151; Assoc-acdm;12; Married-civ-spouse; Adm-clerical; Husband; White; Male;0;0;60; United-States; <=50K
55; Private;227158; Bachelors;13; Widowed; Adm-clerical; Unmarried; White; Female;0;0;40; United-States; <=50K
49; Local-gov;34021; Bachelors;13; Never-married; Prof-specialty; Own-child; White; Female;0;0;50; United-States; <=50K
31; Private;165148; HS-grad;9; Separated; Exec-managerial; Unmarried; White; Female;0;0;12; United-States; <=50K
47; Private;211668; HS-grad;9; Married-civ-spouse; Machine-op-inspct; Wife; Black; Female;0;0;40; United-States; >50K
45; Private;358886; HS-grad;9; Married-civ-spouse; Transport-moving; Husband; White; Male;0;0;40; United-States; >50K
35; Private;47707; HS-grad;9; Never-married; Other-service; Not-in-family; Black; Female;0;0;40; United-States; <=50K
34; Self-emp-not-inc;306982; Bachelors;13; Married-civ-spouse; Sales; Husband; Asian-Pac-Islander; Male;0;0;60; South; <=50K
49; Local-gov;52590; HS-grad;9; Widowed; Protective-serv; Not-in-family; Black; Male;0;0;40; United-States; <=50K
39; ?;179352; Some-college;10; Divorced; ?; Not-in-family; White; Female;0;0;35; United-States; <=50K
27; Private;158156; HS-grad;9; Never-married; Other-service; Not-in-family; White; Female;0;0;42; United-States; <=50K
42; Private;70055; HS-grad;9; Married-civ-spouse; Handlers-cleaners; Husband; White; Male;0;0;40; United-States; <=50K
60; ?;131852; 5th-6th;3; Married-civ-spouse; ?; Husband; White; Male;0;0;30; United-States; >50K
32; Private;81528; HS-grad;9; Never-married; Handlers-cleaners; Other-relative; White; Male;0;0;60; United-States; <=50K
54; Private;182854; HS-grad;9; Married-civ-spouse; Craft-repair; Husband; White; Male;0;0;45; United-States; <=50K
42; Federal-gov;296798; 11th;7; Never-married; Tech-support; Not-in-family; White; Male;0;1340;40; United-States; <=50K
32; Private;194426; Bachelors;13; Married-civ-spouse; Tech-support; Husband; White; Male;15024;0;40; United-States; >50K
40; ?;70645; Some-college;10; Married-civ-spouse; ?; Wife; White; Female;0;0;20; United-States; <=50K
55; Self-emp-inc;141807; Bachelors;13; Married-civ-spouse; Sales; Husband; White; Male;0;0;60; United-States; >50K
66; ?;112871; 11th;7; Never-married; ?; Not-in-family; White; Male;0;0;30; United-States; <=50K
52; State-gov;71344; Masters;14; Married-civ-spouse; Prof-specialty; Husband; White; Male;0;0;40; United-States; <=50K
21; State-gov;341410; Some-college;10; Never-married; Adm-clerical; Not-in-family; White; Female;0;0;15; United-States; <=50K
33; Private;118941; Bachelors;13; Married-civ-spouse; Exec-managerial; Wife; White; Female;0;0;40; United-States; >50K
52; ?;159755; Assoc-voc;11; Married-civ-spouse; ?; Husband; White; Male;0;0;50; United-States; >50K
28; Private;128509; 5th-6th;3; Never-married; Machine-op-inspct; Not-in-family; White; Female;0;0;40; ?; <=50K
27; Self-emp-not-inc;229125; 11th;7; Married-civ-spouse; Craft-repair; Husband; White; Male;0;0;40; United-States; <=50K
42; Local-gov;142756; Bachelors;13; Divorced; Prof-specialty; Not-in-family; White; Female;0;0;50; United-States; <=50K
27; Self-emp-inc;243871; Some-college;10; Never-married; Adm-clerical; Own-child; White; Female;0;0;45; United-States; <=50K
47; Private;213140; Assoc-voc;11; Married-civ-spouse; Craft-repair; Husband; White; Male;7688;0;40; United-States; >50K
19; Private;196857; HS-grad;9; Never-married; Other-service; Not-in-family; White; Female;0;0;40; United-States; <=50K
46; Private;138626; Some-college;10; Married-civ-spouse; Craft-repair; Husband; White; Male;0;0;40; United-States; <=50K
55; Self-emp-not-inc;161334; HS-grad;9; Widowed; Other-service; Not-in-family; White; Female;0;0;25; Nicaragua; <=50K
50; Private;273536; 7th-8th;4; Married-civ-spouse; Sales; Husband; Other; Male;0;0;49; Dominican-Republic; <=50K
32; Private;115631; Some-college;10; Never-married; Adm-clerical; Not-in-family; White; Female;4101;0;50; United-States; <=50K
28; Private;185957; HS-grad;9; Married-civ-spouse; Adm-clerical; Wife; White; Female;0;0;40; United-States; <=50K
23; Private;334357; HS-grad;9; Never-married; Adm-clerical; Own-child; Black; Female;0;0;40; United-States; <=50K
43; Private;96102; Masters;14; Married-spouse-absent; Exec-managerial; Not-in-family; White; Male;0;0;50; United-States; <=50K
34; Private;213226; Bachelors;13; Married-civ-spouse; Prof-specialty; Husband; White; Male;0;0;40; Iran; >50K
19; Private;115248; Some-college;10; Never-married; Adm-clerical; Not-in-family; Asian-Pac-Islander; Male;0;0;40; Vietnam; <=50K
37; Private;185061; Some-college;10; Married-civ-spouse; Exec-managerial; Husband; Asian-Pac-Islander; Male;0;0;55; United-States; <=50K
27; Private;147638; Bachelors;13; Never-married; Adm-clerical; Other-relative; Asian-Pac-Islander; Female;0;0;40; Hong; <=50K
18; Private;280298; HS-grad;9; Never-married; Sales; Own-child; White; Female;0;0;24; United-States; <=50K
31; Private;163516; Some-college;10; Widowed; Adm-clerical; Unmarried; White; Female;0;0;40; United-States; <=50K
49; Private;277434; HS-grad;9; Married-civ-spouse; Transport-moving; Husband; White; Male;0;0;50; United-States; <=50K
26; Federal-gov;206983; Prof-school;15; Married-civ-spouse; Prof-specialty; Husband; White; Male;0;0;60; Columbia; <=50K
48; Private;108993; HS-grad;9; Married-civ-spouse; Craft-repair; Husband; White; Male;0;0;45; United-States; >50K
39; Private;288551; HS-grad;9; Married-civ-spouse; Craft-repair; Husband; Black; Male;0;0;40; United-States; <=50K
41; Private;176069; HS-grad;9; Separated; Machine-op-inspct; Unmarried; White; Female;0;0;40; United-States; <=50K
48; State-gov;183486; Assoc-voc;11; Divorced; Prof-specialty; Unmarried; White; Female;0;0;56; United-States; >50K
40; Private;163215; Bachelors;13; Divorced; Exec-managerial; Not-in-family; White; Female;10520;0;40; United-States; >50K
70; Private;94692; Bachelors;13; Married-civ-spouse; Sales; Husband; White; Male;0;0;70; United-States; >50K
46; Private;192208; 10th;6; Married-civ-spouse; Craft-repair; Husband; White; Male;0;0;45; United-States; <=50K
21; Private;305874; Some-college;10; Married-civ-spouse; Craft-repair; Husband; White; Male;0;0;54; United-States; <=50K
35; Self-emp-not-inc;462890; 10th;6; Married-civ-spouse; Transport-moving; Husband; Black; Male;0;0;50; United-States; <=50K
39; Private;89508; Bachelors;13; Married-civ-spouse; Sales; Husband; White; Male;0;0;40; United-States; <=50K
38; Self-emp-not-inc;200153; HS-grad;9; Married-civ-spouse; Craft-repair; Husband; White; Male;0;0;60; United-States; <=50K
30; Private;179446; HS-grad;9; Separated; Adm-clerical; Unmarried; White; Female;0;0;40; United-States; <=50K
28; Private;208965; 9th;5; Never-married; Machine-op-inspct; Unmarried; Other; Male;0;0;40; Mexico; <=50K
32; Private;40142; Bachelors;13; Married-civ-spouse; Exec-managerial; Husband; White; Male;0;0;40; United-States; >50K
28; Private;199566; Bachelors;13; Married-civ-spouse; Other-service; Husband; Black; Male;0;0;40; United-States; <=50K
33; Self-emp-inc;139057; HS-grad;9; Married-civ-spouse; Exec-managerial; Husband; Asian-Pac-Islander; Male;0;0;84; Taiwan; >50K
48; Private;185039; HS-grad;9; Divorced; Sales; Unmarried; White; Female;0;0;30; United-States; <=50K
61; Private;166124; HS-grad;9; Married-civ-spouse; Craft-repair; Husband; White; Male;0;0;40; United-States; >50K
49; Private;82649; Bachelors;13; Married-civ-spouse; Prof-specialty; Husband; White; Male;5013;0;45; United-States; <=50K
48; Private;109275; Some-college;10; Married-civ-spouse; Exec-managerial; Husband; White; Male;0;0;40; United-States; <=50K
32; Private;408328; 7th-8th;4; Married-civ-spouse; Craft-repair; Husband; White; Male;0;0;40; United-States; <=50K
51; Private;186338; HS-grad;9; Married-civ-spouse; Craft-repair; Husband; White; Male;0;0;40; United-States; >50K
27; ?;130856; Bachelors;13; Never-married; ?; Not-in-family; White; Male;0;0;40; United-States; <=50K
19; Private;251579; Some-college;10; Never-married; Other-service; Own-child; White; Male;0;0;14; United-States; <=50K
47; Private;76612; HS-grad;9; Married-civ-spouse; Prof-specialty; Husband; White; Male;0;0;50; United-States; <=50K
25; Private;22546; Bachelors;13; Never-married; Transport-moving; Own-child; White; Male;0;0;60; United-States; <=50K
72; Private;53684; Some-college;10; Married-civ-spouse; Protective-serv; Husband; Black; Male;0;0;40; United-States; <=50K
29; Private;183627; 11th;7; Divorced; Craft-repair; Not-in-family; White; Male;0;0;40; United-States; <=50K
22; Private;73203; HS-grad;9; Never-married; Adm-clerical; Own-child; White; Female;0;0;40; United-States; <=50K
57; Private;108426; HS-grad;9; Married-civ-spouse; Other-service; Husband; Black; Male;0;0;48; England; <=50K
50; Private;116287; Assoc-acdm;12; Married-civ-spouse; Adm-clerical; Husband; White; Male;0;0;60; Columbia; <=50K
45; Self-emp-inc;145697; Some-college;10; Married-civ-spouse; Sales; Husband; White; Male;0;0;30; United-States; <=50K
52; Private;326156; Some-college;10; Divorced; Prof-specialty; Not-in-family; White; Male;0;0;40; United-States; >50K
53; Private;201127; Masters;14; Married-civ-spouse; Exec-managerial; Husband; White; Male;0;0;48; United-States; >50K
36; Private;250791; HS-grad;9; Married-civ-spouse; Handlers-cleaners; Husband; White; Male;0;0;48; United-States; <=50K
46; Private;328216; HS-grad;9; Married-civ-spouse; Craft-repair; Husband; White; Male;0;0;40; United-States; >50K
20; Private;400443; HS-grad;9; Never-married; Sales; Own-child; White; Female;0;0;20; United-States; <=50K
75; Private;95985; 5th-6th;3; Widowed; Other-service; Unmarried; Black; Male;0;0;10; United-States; <=50K
32; Local-gov;127651; HS-grad;9; Married-civ-spouse; Craft-repair; Husband; White; Male;0;0;40; United-States; >50K
28; Private;250679; HS-grad;9; Married-civ-spouse; Craft-repair; Husband; White; Male;0;0;40; United-States; <=50K
53; Private;103950; Masters;14; Divorced; Prof-specialty; Not-in-family; White; Female;0;0;40; United-States; <=50K
17; Private;200199; 11th;7; Never-married; Sales; Own-child; White; Female;0;0;35; United-States; <=50K
46; State-gov;295791; Assoc-voc;11; Divorced; Adm-clerical; Unmarried; White; Female;0;0;38; United-States; <=50K
39; Private;191841; Assoc-acdm;12; Separated; Prof-specialty; Not-in-family; White; Female;0;0;30; United-States; <=50K
38; Private;82622; Some-college;10; Divorced; Craft-repair; Unmarried; White; Male;0;0;40; United-States; <=50K
36; Private;160728; HS-grad;9; Married-civ-spouse; Machine-op-inspct; Husband; White; Male;0;0;60; United-States; <=50K
63; Local-gov;109849; Bachelors;13; Never-married; Prof-specialty; Not-in-family; Black; Female;0;0;21; United-States; <=50K
28; Private;339897; 1st-4th;2; Married-civ-spouse; Machine-op-inspct; Husband; White; Male;0;0;43; Mexico; <=50K
28; ?;37215; Bachelors;13; Never-married; ?; Own-child; White; Male;0;0;45; United-States; <=50K
49; Private;371299; HS-grad;9; Never-married; Adm-clerical; Unmarried; White; Female;0;0;35; United-States; <=50K
43; Private;421837; Some-college;10; Married-civ-spouse; Machine-op-inspct; Husband; White; Male;0;0;40; Mexico; <=50K
38; Private;29702; Bachelors;13; Married-civ-spouse; Exec-managerial; Husband; White; Male;0;0;45; United-States; >50K
39; Private;117381; HS-grad;9; Never-married; Tech-support; Not-in-family; White; Male;0;0;62; England; <=50K
42; ?;240027; HS-grad;9; Divorced; ?; Not-in-family; Black; Female;0;0;40; United-States; <=50K
40; Private;338740; HS-grad;9; Married-civ-spouse; Exec-managerial; Husband; White; Male;0;0;40; United-States; <=50K
45; ?;28359; HS-grad;9; Separated; ?; Unmarried; White; Female;0;0;10; United-States; <=50K
29; ?;315026; HS-grad;9; Divorced; ?; Unmarried; White; Female;0;0;40; United-States; <=50K
24; Federal-gov;314525; Bachelors;13; Never-married; Prof-specialty; Not-in-family; White; Male;0;1741;45; United-States; <=50K
30; Private;173005; Some-college;10; Married-civ-spouse; Tech-support; Husband; White; Male;0;0;50; United-States; >50K
44; Private;286750; Some-college;10; Married-civ-spouse; Transport-moving; Husband; Black; Male;0;0;40; United-States; <=50K
40; Private;163985; HS-grad;9; Married-civ-spouse; Sales; Husband; White; Male;0;0;24; United-States; <=50K
30; Private;219318; HS-grad;9; Never-married; Machine-op-inspct; Other-relative; White; Female;0;0;35; Puerto-Rico; <=50K
42; Private;44121; Masters;14; Divorced; Prof-specialty; Not-in-family; White; Female;0;1876;40; United-States; <=50K
52; Self-emp-not-inc;103794; Assoc-voc;11; Divorced; Prof-specialty; Not-in-family; White; Female;0;0;35; United-States; <=50K
42; Private;310632; Some-college;10; Married-civ-spouse; Craft-repair; Husband; Black; Male;0;0;40; United-States; >50K
39; Private;153976; Some-college;10; Married-civ-spouse; Craft-repair; Husband; White; Male;0;0;52; United-States; >50K
43; Private;174575; Some-college;10; Divorced; Prof-specialty; Unmarried; White; Male;0;0;45; United-States; <=50K
62; Self-emp-not-inc;82388; HS-grad;9; Married-civ-spouse; Craft-repair; Husband; White; Male;10566;0;40; United-States; <=50K
30; Private;207253; Assoc-voc;11; Married-civ-spouse; Craft-repair; Husband; White; Male;0;0;40; England; <=50K
83; ?;251951; HS-grad;9; Widowed; ?; Not-in-family; White; Female;0;0;20; United-States; <=50K
39; Private;746786; Bachelors;13; Married-civ-spouse; Prof-specialty; Husband; White; Male;0;0;55; United-States; >50K
41; Private;308296; HS-grad;9; Married-civ-spouse; Transport-moving; Wife; White; Female;0;0;20; United-States; <=50K
49; Private;101825; Masters;14; Married-civ-spouse; Prof-specialty; Wife; White; Female;0;1977;40; United-States; >50K
25; Private;109009; 11th;7; Married-civ-spouse; Craft-repair; Husband; White; Male;0;0;40; United-States; <=50K
48; Private;413363; 11th;7; Married-civ-spouse; Transport-moving; Husband; White; Male;0;2002;40; United-States; <=50K
59; ?;117751; Assoc-acdm;12; Divorced; ?; Not-in-family; White; Male;0;0;8; United-States; <=50K
44; State-gov;296326; Bachelors;13; Never-married; Adm-clerical; Not-in-family; White; Male;0;0;40; United-States; <=50K
36; Private;208358; 9th;5; Divorced; Handlers-cleaners; Not-in-family; White; Male;4650;0;56; United-States; <=50K
